{
  "timestamp": "20260424_234643",
  "session_uptime_sec": 167,
  "risk_score": 83,
  "risk_level": "HIGH RISK",
  "alert_count": 2,
  "raw_features": {
    "mouth": 0.070787,
    "eye": 0.005454,
    "tilt": 14.830276,
    "brow": 0.060952,
    "cheek": 0.112861,
    "rigid": 0.027604,
    "arm": 1.707744
  },
  "smoothed_features": {
    "mouth": 0.072491,
    "eye": 0.005021,
    "tilt": 15.05465,
    "brow": 0.060215,
    "cheek": 0.109719,
    "rigid": 0.027267,
    "arm": 1.761949
  },
  "feature_scores": {
    "mouth": 1.0,
    "eye": 0.0,
    "tilt": 0.5879,
    "brow": 1.0,
    "cheek": 1.0,
    "rigid": 1.0,
    "arm": 1.0
  },
  "feature_weights": {
    "mouth": 22,
    "eye": 12,
    "tilt": 12,
    "brow": 8,
    "cheek": 6,
    "rigid": 5,
    "arm": 35
  },
  "thresholds": {
    "mouth": 0.018,
    "eye": 0.012,
    "tilt": 8.0,
    "brow": 0.01,
    "cheek": 0.008,
    "rigid": 0.003,
    "arm": 0.06
  },
  "paper_reference": "Ahmad et al., IJ-AI Vol.13 No.1, 2024, DOI:10.11591/ijai.v13.i1.pp933-940"
}