{
  "timestamp": "20260425_093323",
  "session_uptime_sec": 15,
  "risk_score": 84,
  "risk_level": "HIGH RISK",
  "alert_count": 1,
  "raw_features": {
    "mouth": 0.064115,
    "eye": 0.006806,
    "tilt": 10.779943,
    "brow": 0.035652,
    "cheek": 0.047291,
    "rigid": 0.004554,
    "arm": 1.467763
  },
  "smoothed_features": {
    "mouth": 0.121571,
    "eye": 0.003879,
    "tilt": 16.268831,
    "brow": 0.071527,
    "cheek": 0.101776,
    "rigid": 0.011896,
    "arm": 1.283988
  },
  "feature_scores": {
    "mouth": 1.0,
    "eye": 0.0,
    "tilt": 0.6891,
    "brow": 1.0,
    "cheek": 1.0,
    "rigid": 1.0,
    "arm": 1.0
  },
  "feature_weights": {
    "mouth": 22,
    "eye": 12,
    "tilt": 12,
    "brow": 8,
    "cheek": 6,
    "rigid": 5,
    "arm": 35
  },
  "thresholds": {
    "mouth": 0.018,
    "eye": 0.012,
    "tilt": 8.0,
    "brow": 0.01,
    "cheek": 0.008,
    "rigid": 0.003,
    "arm": 0.06
  },
  "paper_reference": "Ahmad et al., IJ-AI Vol.13 No.1, 2024, DOI:10.11591/ijai.v13.i1.pp933-940"
}