{
  "timestamp": "20260424_234728",
  "session_uptime_sec": 212,
  "risk_score": 76,
  "risk_level": "HIGH RISK",
  "alert_count": 3,
  "raw_features": {
    "mouth": 0.058128,
    "eye": 0.004737,
    "tilt": 3.501466,
    "brow": 0.045373,
    "cheek": 0.039844,
    "rigid": 0.02794,
    "arm": 1.316902
  },
  "smoothed_features": {
    "mouth": 0.056161,
    "eye": 0.005218,
    "tilt": 3.226704,
    "brow": 0.041609,
    "cheek": 0.038441,
    "rigid": 0.028114,
    "arm": 1.358372
  },
  "feature_scores": {
    "mouth": 1.0,
    "eye": 0.0,
    "tilt": 0.0,
    "brow": 1.0,
    "cheek": 1.0,
    "rigid": 1.0,
    "arm": 1.0
  },
  "feature_weights": {
    "mouth": 22,
    "eye": 12,
    "tilt": 12,
    "brow": 8,
    "cheek": 6,
    "rigid": 5,
    "arm": 35
  },
  "thresholds": {
    "mouth": 0.018,
    "eye": 0.012,
    "tilt": 8.0,
    "brow": 0.01,
    "cheek": 0.008,
    "rigid": 0.003,
    "arm": 0.06
  },
  "paper_reference": "Ahmad et al., IJ-AI Vol.13 No.1, 2024, DOI:10.11591/ijai.v13.i1.pp933-940"
}