{
  "timestamp": "20260424_203556",
  "session_uptime_sec": 7,
  "risk_score": 85,
  "risk_level": "HIGH RISK",
  "alert_count": 1,
  "raw_features": {
    "mouth": 0.058519,
    "eye": 0.004733,
    "tilt": 18.398001,
    "brow": 0.055534,
    "cheek": 0.093179,
    "rigid": 0.025433,
    "arm": 1.145625
  },
  "smoothed_features": {
    "mouth": 0.051537,
    "eye": 0.005244,
    "tilt": 17.899181,
    "brow": 0.057473,
    "cheek": 0.101519,
    "rigid": 0.023709,
    "arm": 1.27292
  },
  "feature_scores": {
    "mouth": 1.0,
    "eye": 0.0,
    "tilt": 0.8249,
    "brow": 1.0,
    "cheek": 1.0,
    "rigid": 1.0,
    "arm": 1.0
  },
  "feature_weights": {
    "mouth": 22,
    "eye": 12,
    "tilt": 12,
    "brow": 8,
    "cheek": 6,
    "rigid": 5,
    "arm": 35
  },
  "thresholds": {
    "mouth": 0.018,
    "eye": 0.012,
    "tilt": 8.0,
    "brow": 0.01,
    "cheek": 0.008,
    "rigid": 0.003,
    "arm": 0.06
  },
  "paper_reference": "Ahmad et al., IJ-AI Vol.13 No.1, 2024, DOI:10.11591/ijai.v13.i1.pp933-940"
}