{
  "timestamp": "20260424_235348",
  "session_uptime_sec": 66,
  "risk_score": 82,
  "risk_level": "HIGH RISK",
  "alert_count": 1,
  "raw_features": {
    "mouth": 0.040706,
    "eye": 0.00747,
    "tilt": 15.38172,
    "brow": 0.050369,
    "cheek": 0.094038,
    "rigid": 0.026378,
    "arm": 2.065795
  },
  "smoothed_features": {
    "mouth": 0.043964,
    "eye": 0.006612,
    "tilt": 14.921982,
    "brow": 0.05201,
    "cheek": 0.090761,
    "rigid": 0.027574,
    "arm": 2.034607
  },
  "feature_scores": {
    "mouth": 0.9616,
    "eye": 0.0,
    "tilt": 0.5768,
    "brow": 1.0,
    "cheek": 1.0,
    "rigid": 1.0,
    "arm": 1.0
  },
  "feature_weights": {
    "mouth": 22,
    "eye": 12,
    "tilt": 12,
    "brow": 8,
    "cheek": 6,
    "rigid": 5,
    "arm": 35
  },
  "thresholds": {
    "mouth": 0.018,
    "eye": 0.012,
    "tilt": 8.0,
    "brow": 0.01,
    "cheek": 0.008,
    "rigid": 0.003,
    "arm": 0.06
  },
  "paper_reference": "Ahmad et al., IJ-AI Vol.13 No.1, 2024, DOI:10.11591/ijai.v13.i1.pp933-940"
}