{
  "timestamp": "20260424_234613",
  "session_uptime_sec": 137,
  "risk_score": 80,
  "risk_level": "HIGH RISK",
  "alert_count": 1,
  "raw_features": {
    "mouth": 0.056398,
    "eye": 0.004547,
    "tilt": 12.039515,
    "brow": 0.051281,
    "cheek": 0.098563,
    "rigid": 0.027549,
    "arm": 1.698526
  },
  "smoothed_features": {
    "mouth": 0.056544,
    "eye": 0.003976,
    "tilt": 12.164366,
    "brow": 0.053005,
    "cheek": 0.101889,
    "rigid": 0.027568,
    "arm": 1.816253
  },
  "feature_scores": {
    "mouth": 1.0,
    "eye": 0.0,
    "tilt": 0.347,
    "brow": 1.0,
    "cheek": 1.0,
    "rigid": 1.0,
    "arm": 1.0
  },
  "feature_weights": {
    "mouth": 22,
    "eye": 12,
    "tilt": 12,
    "brow": 8,
    "cheek": 6,
    "rigid": 5,
    "arm": 35
  },
  "thresholds": {
    "mouth": 0.018,
    "eye": 0.012,
    "tilt": 8.0,
    "brow": 0.01,
    "cheek": 0.008,
    "rigid": 0.003,
    "arm": 0.06
  },
  "paper_reference": "Ahmad et al., IJ-AI Vol.13 No.1, 2024, DOI:10.11591/ijai.v13.i1.pp933-940"
}