{
  "timestamp": "20260425_092822",
  "session_uptime_sec": 69,
  "risk_score": 84,
  "risk_level": "HIGH RISK",
  "alert_count": 1,
  "raw_features": {
    "mouth": 0.086625,
    "eye": 0.003055,
    "tilt": 14.694471,
    "brow": 0.068105,
    "cheek": 0.101834,
    "rigid": 0.026884,
    "arm": 1.127215
  },
  "smoothed_features": {
    "mouth": 0.111888,
    "eye": 0.002981,
    "tilt": 16.88114,
    "brow": 0.07554,
    "cheek": 0.114738,
    "rigid": 0.021941,
    "arm": 1.371827
  },
  "feature_scores": {
    "mouth": 1.0,
    "eye": 0.0,
    "tilt": 0.7401,
    "brow": 1.0,
    "cheek": 1.0,
    "rigid": 1.0,
    "arm": 1.0
  },
  "feature_weights": {
    "mouth": 22,
    "eye": 12,
    "tilt": 12,
    "brow": 8,
    "cheek": 6,
    "rigid": 5,
    "arm": 35
  },
  "thresholds": {
    "mouth": 0.018,
    "eye": 0.012,
    "tilt": 8.0,
    "brow": 0.01,
    "cheek": 0.008,
    "rigid": 0.003,
    "arm": 0.06
  },
  "paper_reference": "Ahmad et al., IJ-AI Vol.13 No.1, 2024, DOI:10.11591/ijai.v13.i1.pp933-940"
}