{
  "timestamp": "20260425_092840",
  "session_uptime_sec": 87,
  "risk_score": 88,
  "risk_level": "HIGH RISK",
  "alert_count": 2,
  "raw_features": {
    "mouth": 0.13888,
    "eye": 0.006564,
    "tilt": 23.030766,
    "brow": 0.105242,
    "cheek": 0.169785,
    "rigid": 0.026854,
    "arm": 1.588205
  },
  "smoothed_features": {
    "mouth": 0.138538,
    "eye": 0.007799,
    "tilt": 23.412449,
    "brow": 0.106127,
    "cheek": 0.167993,
    "rigid": 0.026005,
    "arm": 1.562131
  },
  "feature_scores": {
    "mouth": 1.0,
    "eye": 0.0,
    "tilt": 1.0,
    "brow": 1.0,
    "cheek": 1.0,
    "rigid": 1.0,
    "arm": 1.0
  },
  "feature_weights": {
    "mouth": 22,
    "eye": 12,
    "tilt": 12,
    "brow": 8,
    "cheek": 6,
    "rigid": 5,
    "arm": 35
  },
  "thresholds": {
    "mouth": 0.018,
    "eye": 0.012,
    "tilt": 8.0,
    "brow": 0.01,
    "cheek": 0.008,
    "rigid": 0.003,
    "arm": 0.06
  },
  "paper_reference": "Ahmad et al., IJ-AI Vol.13 No.1, 2024, DOI:10.11591/ijai.v13.i1.pp933-940"
}